,Scientific name,Common name,Location
0, ,,
1, ,,
2,Tachyglossus ,,
3,Tachyglossus aculeatus,Short-beaked Echidna,Australia
4,Tachyglossus aculeatus,,Australia
5,Tachyglossus aculeatus,,
6,Tachyglossus aculeatus,,
7,Tachyglossus aculeatus,,
8,Tachyglossus aculeatus,,
9,Zaglossus ,,
10,Zaglossus attenboroughi,Sir David’s Long-beaked Echidna.,Indonesia
11,Zaglossus bartoni,Eastern Long-beaked Echidna,Papua New Guinea
12,Zaglossus bartoni,,Papua New Guinea
13,Zaglossus bartoni,,
14,Zaglossus bartoni,,
15,Zaglossus bartoni,,
16,Zaglossus bruijni,Western Long-beaked Echidna.,Indonesia
17, ,,
18,Ornithorhynchus ,,
19,Ornithorhynchus anatinus,Platypus.,Australia
20, ,,
21, ,,
22, ,,
23,Caluromys ,,
24,Caluromys ,,
25,Caluromys ,,
26,Caluromys derbianus,Derby’s Woolly Opossum,None given; restricted to Colombia
27,Caluromys derbianus,,None given; restricted to Colombia
28,Caluromys derbianus,,
29,Caluromys derbianus,,
30,Caluromys derbianus,,
31,Caluromys derbianus,,
32,Caluromys derbianus,,
33,Caluromys lanatus,Brown-eared Woolly Opossum,"Paraguay;"" restricted to Caazapá"
34,Caluromys lanatus,,"Paraguay;"" restricted to Caazapá"
35,Caluromys lanatus,,
36,Caluromys lanatus,,
37,Caluromys lanatus,,
38,Caluromys lanatus,,
39,Caluromys lanatus,,
40,Caluromys philander,Bare-tailed Woolly Opossum,"America;"" restricted to Surinam (Thomas"
41,Caluromys philander,,"America;"" restricted to Surinam (Thomas"
42,Caluromys philander,,
43,Caluromys philander,,
44,Caluromys philander,,
45,Caluromysiops ,,
46,Caluromysiops irrupta,Black-shouldered Opossum,Perú
47,Glironia ,,
48,Glironia venusta,Bushy-tailed Opossum,Perú
49, ,,
50,Chironectes ,,
51,Chironectes minimus,Water Opossum,"Gujana;"" restricted to Cayenne"
52,Chironectes minimus,,"Gujana;"" restricted to Cayenne"
53,Chironectes minimus,,
54,Chironectes minimus,,
55,Chironectes minimus,,
56,Didelphis ,,
57,Didelphis albiventris,White-eared Opossum,Brazil
58,Didelphis aurita,Big-eared Opossum,Brazil
59,Didelphis imperfecta,Guianan White-eared Opossum,Venezuela
60,Didelphis marsupialis,Common Opossum,"America;"" restricted to Surinam (Thomas"
61,Didelphis marsupialis,,"America;"" restricted to Surinam (Thomas"
62,Didelphis marsupialis,,
63,Didelphis pernigra,Andean White-eared Opossum,Perú
64,Didelphis virginiana,Virginia Opossum,Virginia
65,Didelphis virginiana,,Virginia
66,Didelphis virginiana,,
67,Didelphis virginiana,,
68,Didelphis virginiana,,
69,Gracilinanus ,,
70,Gracilinanus aceramarcae,Aceramarca Gracile Opossum,Bolivia
71,Gracilinanus agilis,Agile Gracile Opossum,Brazil
72,Gracilinanus agricolai,Agricola’s Gracile Opossum,Brazil
73,Gracilinanus dryas,Wood Sprite Gracile Opossum,Venezuela
74,Gracilinanus emiliae,Emilia’s Gracile Opossum,Brazil
75,Gracilinanus formosus,Pygmy Opossum,Argentina
76,Gracilinanus ignitus,Red-bellied Gracile Opossum,Argentina
77,Gracilinanus marica,Northern Gracile Opossum,Venezuela
78,Gracilinanus microtarsus,Brazilian Gracile Opossum,Brazil
79,Gracilinanus microtarsus,,Brazil
80,Gracilinanus microtarsus,,
81,Hyladelphys ,,
82,Hyladelphys kalinowskii,Kalinowski’s Mouse Opossum,Perú
83,Lestodelphys ,,
84,Lestodelphys halli,Patagonian Opossum,
85,Lutreolina ,,
86,Lutreolina crassicaudata,Lutrine Opossum,Paraguay
87,Lutreolina crassicaudata,,Paraguay
88,Lutreolina crassicaudata,,
89,Marmosa ,,
90,Marmosa andersoni,Heavy-browed Mouse Opossum,Perú
91,Marmosa lepida,Rufous Mouse Opossum,"Peruvian Amazons;"" identiﬁed as Perú"
92,Marmosa mexicana,Mexican Mouse Opossum,México
93,Marmosa mexicana,,México
94,Marmosa mexicana,,
95,Marmosa mexicana,,
96,Marmosa murina,Linnaeus’s Mouse Opossum,Asia
97,Marmosa quichua,Quechuan Mouse Opossum,"Ocabamba"" identiﬁed as Valle de Occobamba by Ceballos Bendezu (1981)"
98,Marmosa robinsoni,Robinson’s Mouse Opossum,Venezuela
99,Marmosa robinsoni,,Venezuela
100,Marmosa robinsoni,,
101,Marmosa robinsoni,,
102,Marmosa robinsoni,,
103,Marmosa robinsoni,,
104,Marmosa robinsoni,,
105,Marmosa robinsoni,,
106,Marmosa robinsoni,,
107,Marmosa rubra,Red Mouse Opossum,Perú
108,Marmosa tyleriana,Tyleria Mouse Opossum,Venezuela
109,Marmosa xerophila,Guajira Mouse Opossum,Colombia
110,Marmosops ,,
111,Marmosops bishopi,Bishop’s Slender Opossum,264 km N (by road) Xavantina (locality is at 12°51'S
112,Marmosops cracens,Narrow-headed Slender Opossum,Venezuela
113,Marmosops dorothea,Dorothys’ Slender opossum,Bolivia
114,Marmosops fuscatus,Dusky Slender Opossum,Venezuela
115,Marmosops fuscatus,,Venezuela
116,Marmosops fuscatus,,
117,Marmosops fuscatus,,
118,Marmosops handleyi,Handley’s Slender Opossum,Colombia
119,Marmosops impavidus,Tschudi’s Slender Opossum,
120,Marmosops incanus,Gray Slender Opossum,Brazil
121,Marmosops invictus,Panama Slender Opossum,Panamá
122,Marmosops juninensis,Junin Slender Opossum,Utcuyacu. Between Tarma and Chanchamayo
123,Marmosops neblina,Neblina Slender Opossum,Venezuela
124,Marmosops noctivagus,White-bellied Slender Opossum,
125,Marmosops parvidens,Delicate Slender Opossum,Guyana
126,Marmosops paulensis,Brazilian Slender Opossum,Brazil
127,Marmosops pinheiroi,Pinheiro’s Slender Opossum,Brazil
128,Metachirus ,,
129,Metachirus nudicaudatus,Brown Four-eyed Opossum,French Guiana
130,Metachirus nudicaudatus,,French Guiana
131,Metachirus nudicaudatus,,
132,Metachirus nudicaudatus,,
133,Metachirus nudicaudatus,,
134,Metachirus nudicaudatus,,
135,Micoureus ,,
136,Micoureus alstoni,Alston’s Mouse Opossum,Costa Rica
137,Micoureus constantiae,White-bellied Woolly Mouse Opossum,Brazil
138,Micoureus demerarae,Woolly Mouse Opossum,Guyana
139,Micoureus demerarae,,Guyana
140,Micoureus demerarae,,
141,Micoureus demerarae,,
142,Micoureus demerarae,,
143,Micoureus demerarae,,
144,Micoureus paraguayanus,Tate’s Woolly Mouse Opossum,Paraguay
145,Micoureus paraguayanus,,Paraguay
146,Micoureus paraguayanus,,
147,Micoureus phaeus,Little Woolly Mouse Opossum,Colombia
148,Micoureus regina,Bare-tailed Woolly Mouse Opossum,Colombia
149,Micoureus regina,,Colombia
150,Micoureus regina,,
151,Micoureus regina,,
152,Monodelphis ,,
153,Monodelphis adusta,Sepia Short-tailed Opossum,Colombia
154,Monodelphis americana,Northern Three-striped Opossum,Brasilien
155,Monodelphis brevicaudata,Northern Red-sided Opossum,"In Americae australis silvis;"" restricted to Surinam by Matschie (1916)."
156,Monodelphis dimidiata,Yellow-sided Opossum,Uruguay
157,Monodelphis domestica,Gray Short-tailed Opossum,Brazil
158,Monodelphis emiliae,Emilia’s Short-tailed Opossum,Brazil
159,Monodelphis glirina,Amazonian Red-sided Opossum,Brazil
160,Monodelphis iheringi,Ihering’s Three-striped Opossum,"Rio Grande do Sul;"" identiﬁed as Brazil"
161,Monodelphis kunsi,Pygmy Short-tailed Opossum,Bolivia
162,Monodelphis maraxina,Marajó Short-tailed Opossum,Brazil
163,Monodelphis osgoodi,Osgood’s Short-tailed Opossum,Bolivia
164,Monodelphis palliolata,Hooded Red-sided Opossum,San Juan de Colon
165,Monodelphis rubida,Chestnut-striped Opossum,Brazil
166,Monodelphis scalops,Long-nosed Short-tailed Opossum,"Brazil;"" restricted to Rio de Janeiro"
167,Monodelphis sorex,Southern Red-sided Opossum,"Provinz Rio Grande do Sul;"" restricted to Brazil"
168,Monodelphis theresa,Southern Three-striped Opossum,Brazil
169,Monodelphis umbristriata,Red Three-striped Opossum,Brazil
170,Monodelphis unistriata,One-striped Opossum,Brazil
171,Philander ,,
172,Philander andersoni,Anderson’s Four-eyed Opossum,Perú
173,Philander frenatus,Southeastern Four-eyed Opossum,"Südamerica;"" restricted to Bahia"
174,Philander mcilhennyi,McIlhenny’s Four-eyed Opossum,Perú
175,Philander opossum,Gray Four-eyed Opossum,"America;"" restricted to Surinam by J. A. Allen (1900) and further restricted to Paramaribo"
176,Philander opossum,,"America;"" restricted to Surinam by J. A. Allen (1900) and further restricted to Paramaribo"
177,Philander opossum,,
178,Philander opossum,,
179,Philander opossum,,
180,Thylamys ,,
181,Thylamys cinderella,Cinderella Fat-tailed Mouse Opossum,Argentina
182,Thylamys elegans,Elegant Fat-tailed Mouse Opossum,Chile
183,Thylamys karimii,Karimi’s Fat-tailed Mouse Opossum,Brazil
184,Thylamys macrurus,Paraguayan Fat-tailed Mouse Opossum,"Sudamerica;"" restricted to Paraguay"
185,Thylamys pallidior,White-bellied Fat-tailed Mouse Opossum,Bolivia
186,Thylamys pusillus,Common Fat-tailed Mouse Opossum,Not stated; restricted to Paraguay
187,Thylamys sponsorius,Argentine Fat-tailed Mouse Opossum,Argentina
188,Thylamys tatei,Tate’s Fat-tailed Mouse Opossum,Chasquitambo 9710 m
189,Thylamys velutinus,Dwarf Fat-tailed Mouse Opossum,Brazil
190,Thylamys venustus,Buﬀ-bellied Fat-tailed Mouse Opossum,Bolivia
191,Tlacuatzin ,,
192,Tlacuatzin canescens,Gray Mouse Opossum,México
193,Tlacuatzin canescens,,México
194,Tlacuatzin canescens,,
195, ,,
196, ,,
197,Caenolestes ,,
198,Caenolestes caniventer,Gray-bellied Caenolestid,Ecuador
199,Caenolestes condorensis,Andean Caenolestid,Ecuador
200,Caenolestes convelatus,Northern Caenolestid,
201,Caenolestes convelatus,,
202,Caenolestes convelatus,,
203,Caenolestes fuliginosus,"Dusky Caenolestid
""Ecuador.""",
204,Caenolestes fuliginosus,"""Ecuador.""",
205,Caenolestes fuliginosus,,
206,Caenolestes fuliginosus,,
207,Lestoros ,,
208,Lestoros inca,Incan Caenolestid,Perú
209,Rhyncholestes ,,
210,Rhyncholestes raphanurus,Long-nosed Caenolestid,Chile
211,Rhyncholestes raphanurus,,Chile
212,Rhyncholestes raphanurus,,
213, ,,
214, ,,
215,Dromiciops ,,
216,Dromiciops gliroides,Monito del Monte,Chile
217, ,,
218, ,,
219,Notoryctes ,,
220,Notoryctes caurinus,Northern Marsupial Mole,Australia
221,Notoryctes typhlops,Southern Marsupial Mole,Australia
222, ,,
223, ,,
224,Thylacinus ,,
225,Thylacinus cynocephalus,Thylacine,Australia
226, ,,
227,Myrmecobius ,,
228,Myrmecobius fasciatus,Numbat,Australia
229,Myrmecobius fasciatus,,Australia
230,Myrmecobius fasciatus,,
231, ,,
232, ,,
233, ,,
234,Dasycercus ,,
235,Dasycercus cristicauda,Mulgara,Australia
236,Dasykaluta ,,
237,Dasykaluta rosamondae,Little Red Kaluta,Australia
238,Dasyuroides ,,
239,Dasyuroides byrnei,Kowari,Australia
240,Dasyurus ,,
241,Dasyurus albopunctatus,New Guinean Quoll,Indonesia
242,Dasyurus geoﬀroii,Western Quoll,Australia
243,Dasyurus hallucatus,Northern Quoll,Australia
244,Dasyurus maculatus,Tiger Quoll,Australia
245,Dasyurus spartacus,Bronze Quoll,Papua New Guinea
246,Dasyurus viverrinus,Eastern Quoll,Australia
247,Myoictis ,,
248,Myoictis melas,Three-striped Dasyure,
249,Myoictis wallacii,"Wallace’s Dasyure
Aru Isl.",
250,Neophascogale ,,
251,Neophascogale lorentzi,Speckled Dasyure,Indonesia
252,Parantechinus ,,
253,Parantechinus apicalis,Southern Dibbler,Australia
254,Phascolosorex ,,
255,Phascolosorex doriae,Red-bellied Marsupial Shrew,Indonesia
256,Phascolosorex dorsalis,Narrow-striped Marsupial Shrew,Indonesia
257,Phascolosorex dorsalis,,Indonesia
258,Phascolosorex dorsalis,,
259,Phascolosorex dorsalis,,
260,Pseudantechinus ,,
261,Pseudantechinus bilarni,Sandstone Dibbler,Australia
262,Pseudantechinus macdonnellensis,Fat-tailed False Antechinus,Australia
263,Pseudantechinus mimulus,Alexandria False Antechinus,Australia
264,Pseudantechinus ningbing,Ningbing False Antechinus,Australia
265,Pseudantechinus roryi,Rory Cooper’s False Antechinus,Australia
266,Pseudantechinus woolleyae,Woolley's False Antechinus,Australia
267,Sarcophilus ,,
268,Sarcophilus harrisii,"Tasmanian Devil
Tasmania.",
269,Sarcophilus harrisii,Tasmania.,
270,Sarcophilus harrisii,,
271, ,,
272,Antechinus ,,
273,Antechinus adustus,Tropical Antechinus,Australia
274,Antechinus agilis,Agile Antechinus,
275,Antechinus bellus,Fawn Antechinus,Australia
276,Antechinus ﬂavipes,Yellow-footed Antechinus,Australia
277,Antechinus ﬂavipes,,Australia
278,Antechinus ﬂavipes,,
279,Antechinus godmani,Atherton Antechinus,Australia
280,Antechinus leo,Cinnamon Antechinus,Australia
281,Antechinus minimus,Swamp Antechinus,Australia
282,Antechinus stuartii,Brown Antechinus,Australia
283,Antechinus subtropicus,Subtropical Antechinus,Australia
284,Antechinus swainsonii,Dusky Antechinus,Australia
285,Micromurexia ,,
286,Micromurexia habbema,Habbema Dasyure,Indonesia
287,Murexechinus ,,
288,Murexechinus melanurus,Black-tailed Dasyure,Papua New Guinea
289,Murexia ,,
290,Murexia longicaudata,Short-furred Dasyure,Indonesia
291,Paramurexia ,,
292,Paramurexia rothschildi,Broad-striped Dasyure,Papua New Guinea
293,Phascomurexia ,,
294,Phascomurexia naso,Long-nosed Dasyure,Indonesia
295,Phascogale ,,
296,Phascogale calura,Red-tailed Phascogale,Australia
297,Phascogale tapoatafa,Brush-tailed Phascogale,Australia
298, ,,
299, ,,
300,Antechinomys ,,
301,Antechinomys laniger,Kultarr,Australia
302,Ningaui ,,
303,Ningaui ridei,Wongai Ningaui,Australia
304,Ningaui timealeyi,Pilbara Ningaui,Australia
305,Ningaui yvonnae,Southern Ningaui,Mt. Manning Area
306,Sminthopsis ,,
307,Sminthopsis aitkeni,Kangaroo Island Dunnart,Australia
308,Sminthopsis archeri,Chestnut Dunnart,Papua New Guinea
309,Sminthopsis bindi,Kakadu Dunnart,Australia
310,Sminthopsis boullangerensis,Boullanger Island Dunnart,Australia
311,Sminthopsis butleri,Carpentarian Dunnart,Australia
312,Sminthopsis crassicaudata,Fat-tailed Dunnart,Australia
313,Sminthopsis dolichura,Little Long-tailed Dunnart,Western Australia
314,Sminthopsis douglasi,Julia Creek Dunnart,Australia
315,Sminthopsis fuliginosus,Sooty Dunnart,Western Australia
316,Sminthopsis gilberti,Gilbert's Dunnart,Western Australia
317,Sminthopsis granulipes,White-tailed Dunnart,Australia
318,Sminthopsis griseoventer,Gray-bellied Dunnart,Western Australia
319,Sminthopsis hirtipes,Hairy-footed Dunnart,Australia
320,Sminthopsis leucopus,White-footed Dunnart,Australia
321,Sminthopsis longicaudata,Long-tailed Dunnart,Australia
322,Sminthopsis macroura,Stripe-faced Dunnart,Australia
323,Sminthopsis murina,Slender-tailed Dunnart,Australia
324,Sminthopsis ooldea,Ooldea Dunnart,Australia
325,Sminthopsis psammophila,Sandhill Dunnart,Australia
326,Sminthopsis virginiae,Red-cheeked Dunnart,None given; Archer (1981:132) designated Australia
327,Sminthopsis virginiae,,None given; Archer (1981:132) designated Australia
328,Sminthopsis virginiae,,
329,Sminthopsis virginiae,,
330,Sminthopsis youngsoni,Lesser Hairy-footed Dunnart,Western Australia
331, ,,
332,Planigale ,,
333,Planigale gilesi,Paucident Planigale,Australia
334,Planigale ingrami,Long-tailed Planigale,Australia
335,Planigale ingrami,,Australia
336,Planigale ingrami,,
337,Planigale ingrami,,
338,Planigale maculata,Pygmy Planigale,Australia
339,Planigale maculata,,Australia
340,Planigale maculata,,
341,Planigale novaeguineae,New Guinean Planigale,Papua New Guinea
342,Planigale tenuirostris,Narrow-nosed Planigale,Australia
343, ,,
344, ,,
345,Macrotis ,,
346,Macrotis lagotis,Greater Bilby,Australia
347,Macrotis leucura,Lesser Bilby,
348, ,,
349,Chaeropus ,,
350,Chaeropus ecaudatus,Pig-footed Bandicoot,Australia
351, ,,
352, ,,
353,Isoodon ,,
354,Isoodon auratus,Golden Bandicoot,Australia
355,Isoodon auratus,,Australia
356,Isoodon auratus,,
357,Isoodon auratus,,
358,Isoodon macrourus,Northern Brown Bandicoot,Australia
359,Isoodon macrourus,,Australia
360,Isoodon macrourus,,
361,Isoodon obesulus,Southern Brown Bandicoot,Australia
362,Isoodon obesulus,,Australia
363,Isoodon obesulus,,
364,Perameles ,,
365,Perameles bougainville,Western Barred Bandicoot,Australia
366,Perameles eremiana,Desert Bandicoot,Australia
367,Perameles gunnii,Eastern Barred Bandicoot,Australia
368,Perameles nasuta,Long-nosed Bandicoot,Australia
369, ,,
370,Peroryctes ,,
371,Peroryctes broadbenti,Giant Bandicoot,Papua New Guinea
372,Peroryctes raﬀrayana,Raﬀray’s Bandicoot,Indonesia
373,Peroryctes raﬀrayana,,Indonesia
374,Peroryctes raﬀrayana,,
375, ,,
376,Echymipera ,,
377,Echymipera clara,Clara’s Echymipera,Indonesia
378,Echymipera davidi,David’s Echymipera,Papua New Guinea
379,Echymipera echinista,Menzies’ Echymipera,Papua New Guinea
380,Echymipera kalubu,Common Echymipera,Indonesia
381,Echymipera kalubu,,Indonesia
382,Echymipera kalubu,,
383,Echymipera kalubu,,
384,Echymipera kalubu,,
385,Echymipera rufescens,Long-nosed Echymipera,Indonesia
386,Echymiperinae ,,Indonesia
387,Echymiperinae ,,
388,Echymiperinae ,,
389,Echymiperinae ,Striped Bandicoot,Indonesia
390,Echymiperinae ,,Indonesia
391,Echymiperinae ,,
392,Echymiperinae ,,
393,Echymiperinae ,Mouse Bandicoot,Indonesia
394,Echymiperinae ,Papuan Bandicoot,Papua New Guinea
395,Echymiperinae ,,
396,Echymiperinae ,Seram Bandicoot,Indonesia
397, ,,
398, ,,
399, ,,
400, ,,
401, ,Koala,Australia
402, ,,
403, ,,
404, ,Northern Hairy-nosed Wombat,Australia
405, ,,Australia
406, ,,
407, ,,
408, ,Southern Hairy-nosed Wombat,Australia
409, ,,
410, ,Common Wombat,Australia
411, ,,
412, ,,
413, ,,
414, ,,
415, ,Mountain Pygmy Possum,Australia
416, ,,
417, ,Long-tailed Pygmy Possum,Indonesia
418, ,,Indonesia
419, ,,
420, ,Southwestern Pygmy Possum,Australia
421, ,,Australia
422, ,,
423, ,Tasmanian Pygmy Possum,Australia
424, ,Eastern Pygmy Possum,Australia
425, ,,Australia
426, ,,
427, ,,
428,Ailuropinae ,,
429,Ailuropinae ,,
430,Ailuropinae ,Talaud Bear Cuscus,Indonesia
431,Ailuropinae ,Sulawesi Bear Cuscus,Indonesia
432,Ailuropinae ,,Indonesia
433,Ailuropinae ,,
434,Ailuropinae ,,
435,Ailuropinae ,,
436,Phalangerinae ,,
437,Phalangerinae Phalangerini,,
438,Phalangerinae Phalangerini,,
439,Phalangerinae Phalangerini,Gebe Cuscus,Indonesia
440,Phalangerinae Phalangerini,Mountain Cuscus,Papua New Guinea
441,Phalangerinae Phalangerini,,Papua New Guinea
442,Phalangerinae Phalangerini,,
443,Phalangerinae Phalangerini,Ground Cuscus,Indonesia
444,Phalangerinae Phalangerini,,Indonesia
445,Phalangerinae Phalangerini,,
446,Phalangerinae Phalangerini,Eastern Common Cuscus,Papua New Guinea
447,Phalangerinae Phalangerini,Woodlark Cuscus,Papua New Guinea
448,Phalangerinae Phalangerini,Blue-eyed Cuscus,Indonesia
449,Phalangerinae Phalangerini,Telefomin Cuscus,Papua New Guinea
450,Phalangerinae Phalangerini,Southern Common Cuscus,Indonesia
451,Phalangerinae Phalangerini,,Indonesia
452,Phalangerinae Phalangerini,,
453,Phalangerinae Phalangerini,Northern Common Cuscus,Indonesia
454,Phalangerinae Phalangerini,,Indonesia
455,Phalangerinae Phalangerini,,
456,Phalangerinae Phalangerini,Ornate Cuscus,Indonesia: Bachian (= Bacan or Batjan) Isl.
457,Phalangerinae Phalangerini,Rothschild’s Cuscus,Moluccas
458,Phalangerinae Phalangerini,Silky Cuscus,Papua New Guinea
459,Phalangerinae Phalangerini,,Papua New Guinea
460,Phalangerinae Phalangerini,,
461,Phalangerinae Phalangerini,Stein’s Cuscus,Indonesia
462,Phalangerinae Phalangerini,,
463,Phalangerinae Phalangerini,Admiralty Island Cuscus,Papua New Guinea
464,Phalangerinae Phalangerini,Common Spotted Cuscus,Indonesia
465,Phalangerinae Phalangerini,,Indonesia
466,Phalangerinae Phalangerini,,
467,Phalangerinae Phalangerini,,
468,Phalangerinae Phalangerini,,
469,Phalangerinae Phalangerini,Waigeou Cuscus,Indonesia
470,Phalangerinae Phalangerini,Black-spotted Cuscus,Papua New Guinea
471,Phalangerinae Trichosurini,,
472,Phalangerinae Trichosurini,,
473,Phalangerinae Trichosurini,Sulawesi Dwarf Cuscus,Indonesia
474,Phalangerinae Trichosurini,,Indonesia
475,Phalangerinae Trichosurini,,
476,Phalangerinae Trichosurini,,
477,Phalangerinae Trichosurini,Banggai Cuscus,Indonesia: Peleng Isl.
478,Phalangerinae Trichosurini,,Indonesia: Peleng Isl.
479,Phalangerinae Trichosurini,,
480,Phalangerinae Trichosurini,,
481,Phalangerinae Trichosurini,Northern Brushtail,Australia
482,Phalangerinae Trichosurini,Short-eared Possum,Australia
483,Phalangerinae Trichosurini,Mountain Brushtail Possum,Australia
484,Phalangerinae Trichosurini,Coppery Brushtail,Australia
485,Phalangerinae Trichosurini,Common Brushtail,Australia
486,Phalangerinae Trichosurini,,
487,Phalangerinae Trichosurini,Scaly-tailed Possum,Australia
488, ,,
489, ,,
490,Hemibelideinae ,,
491,Hemibelideinae ,,
492,Hemibelideinae ,Lemur-like Ringtail,Australia
493,Hemibelideinae ,,
494,Hemibelideinae ,Greater Glider,Australia
495,Hemibelideinae ,,Australia
496,Hemibelideinae ,,
497,Pseudocheirinae ,,
498,Pseudocheirinae ,,
499,Pseudocheirinae ,Rock-haunting ringtail,Australia
500,Pseudocheirinae ,,
501,Pseudocheirinae ,Common Ringtail,Australia
502,Pseudocheirinae ,,Australia
503,Pseudocheirinae ,,
504,Pseudocheirinae ,,
505,Pseudocheirinae ,,
506,Pseudocheirinae ,,
507,Pseudocheirinae ,Lowland Ringtail,Indonesia
508,Pseudocheirinae ,,Indonesia
509,Pseudocheirinae ,,
510,Pseudocheirinae ,,
511,Pseudocheirinae ,,
512,Pseudocheirinae ,,
513,Pseudocheirinae ,Weyland Ringtail,Indonesia
514,Pseudocheirinae ,,Indonesia
515,Pseudocheirinae Pseudochirulus,,
516,Pseudocheirinae Pseudochirulus,Cinereous Ringtail,Australia
517,Pseudocheirinae Pseudochirulus,Painted Ringtail,Papua New Guinea
518,Pseudocheirinae Pseudochirulus,Herbert River Ringtail,Australia
519,Pseudocheirinae Pseudochirulus,Masked Ringtail,Papua New Guinea
520,Pseudocheirinae Pseudochirulus,Pygmy Ringtail,Indonesia
521,Pseudocheirinae Pseudochirulus,Vogelkop Ringtail,Indonesia
522,Pseudochiropsinae ,,
523,Pseudochiropsinae Pseudochirops,,
524,Pseudochiropsinae Pseudochirops,D’Albertis’ Ringtail,Indonesia
525,Pseudochiropsinae Pseudochirops,,Indonesia
526,Pseudochiropsinae Pseudochirops,,
527,Pseudochiropsinae Pseudochirops,,
528,Pseudochiropsinae Pseudochirops,Green Ringtail,Australia
529,Pseudochiropsinae Pseudochirops,Plush-coated Ringtail,Papua New Guinea
530,Pseudochiropsinae Pseudochirops,,Papua New Guinea
531,Pseudochiropsinae Pseudochirops,,
532,Pseudochiropsinae Pseudochirops,,
533,Pseudochiropsinae Pseudochirops,Reclusive Ringtail,Indonesia
534,Pseudochiropsinae Pseudochirops,Coppery Ringtail,Papua New Guinea
535, ,,
536, Dactylopsila,,
537, Dactylopsila,Great-tailed Triok,Indonesia
538, Dactylopsila,Long-ﬁngered Triok,"South coast of New Guinea""."
539, Dactylopsila,Tate’s Triok,Papua New Guinea
540, Dactylopsila,Striped Possum,Indonesia
541, Dactylopsila,,Indonesia
542, Dactylopsila,,
543, Dactylopsila,,
544, Dactylopsila,,
545, Gymnobelideus,,
546, Gymnobelideus,Leadebeater’s Possum,Australia
547, Petaurus,,
548, Petaurus,Northern Glider,Papua New Guinea
549, Petaurus,Yellow-bellied Glider,Australia
550, Petaurus,,Australia
551, Petaurus,,
552, Petaurus,Biak Glider,Indonesia
553, Petaurus,Sugar Glider,Australia
554, Petaurus,,Australia
555, Petaurus,,
556, Petaurus,,
557, Petaurus,,
558, Petaurus,Ebony Glider,Australia
559, Petaurus,Squirrel Glider,Australia
560, ,,
561, Tarsipes,,
562, Tarsipes,Honey possum,Australia
563, ,,
564, Acrobates,,
565, Acrobates,Feather-tailed Glider,Australia
566, Distoechurus,,
567, Distoechurus,Feather-tailed Possum,
568, ,,
569, ,,
570, Hypsiprymnodon,,
571, Hypsiprymnodon,Musky Rat-kangaroo,Australia
572, ,,
573, Aepyprymnus,,
574, Aepyprymnus,Rufous Rat-kangaroo,Australia
575, Bettongia,,
576, Bettongia,Eastern Bettong,Australia
577, Bettongia,Boodie,Australia
578, Bettongia,Woylie,Australia
579, Bettongia,Northern Bettong,Australia
580, Caloprymnus,,
581, Caloprymnus,Desert Rat-kangaroo,Australia
582, Potorous,,
583, Potorous,,
584, Potorous,Long-footed Potoroo,Australia
585, Potorous,Broad-faced Potoroo,Australia
586, Potorous,Long-nosed Potoroo,Australia
587, Potorous,,Australia
588, Potorous,,
589, ,,
590,Sthenurinae ,,
591,Sthenurinae Lagostrophus,,
592,Sthenurinae Lagostrophus,Banded Hare-wallaby,Australia
593,Sthenurinae Lagostrophus,,Australia
594,Sthenurinae Lagostrophus,,
595,Macropodinae ,,
596,Macropodinae Dendrolagus,,
597,Macropodinae Dendrolagus,Bennett’s Tree-kangaroo,Australia
598,Macropodinae Dendrolagus,Doria’s Tree-kangaroo,Papua New Guinea
599,Macropodinae Dendrolagus,,Papua New Guinea
600,Macropodinae Dendrolagus,,
601,Macropodinae Dendrolagus,,
602,Macropodinae Dendrolagus,Goodfellow’s Tree-kangaroo,Papua New Guinea
603,Macropodinae Dendrolagus,,Papua New Guinea
604,Macropodinae Dendrolagus,,
605,Macropodinae Dendrolagus,,
606,Macropodinae Dendrolagus,,
607,Macropodinae Dendrolagus,,
608,Macropodinae Dendrolagus,Lumholtz’s Tree-kangaroo,Australia
609,Macropodinae Dendrolagus,Huon Tree-kangaroo,Papua New Guinea
610,Macropodinae Dendrolagus,Dingiso,
611,Macropodinae Dendrolagus,Golden-mantled Tree-kangaroo,Papua New Guinea
612,Macropodinae Dendrolagus,Tenkile,Papua New Guinea
613,Macropodinae Dendrolagus,Lowlands Tree-kangaroo,Papua New Guinea
614,Macropodinae Dendrolagus,Seri’s Tree-kangaroo,Papua New Guinea
615,Macropodinae Dendrolagus,Ursine Tree-kangaroo,Indonesia
616,Macropodinae Dorcopsis,,
617,Macropodinae Dorcopsis,Black Dorcopsis,Papua New Guinea
618,Macropodinae Dorcopsis,White-striped Dorcopsis,Papua New Guinea
619,Macropodinae Dorcopsis,Grey Dorcopsis,"Southeast of New Guinea""."
620,Macropodinae Dorcopsis,,"Southeast of New Guinea""."
621,Macropodinae Dorcopsis,,
622,Macropodinae Dorcopsis,Brown Dorcopsis,Indonesia
623,Macropodinae Dorcopsis,,Indonesia
624,Macropodinae Dorcopsis,,
625,Macropodinae Dorcopsis,,
626,Macropodinae Dorcopsis,,
627,Macropodinae Dorcopsulus,,
628,Macropodinae Dorcopsulus,Macleay’s Dorcopsis,Papua New Guinea
629,Macropodinae Dorcopsulus,Small Dorcopsis,Indonesia
630,Macropodinae Lagorchestes,,
631,Macropodinae Lagorchestes,Lake Mackay Hare-wallaby,Australia
632,Macropodinae Lagorchestes,Spectacled Hare-wallaby,Australia
633,Macropodinae Lagorchestes,Rufous Hare-wallaby,Australia
634,Macropodinae Lagorchestes,Eastern Hare-wallaby,Australia
635,Macropodinae Macropus,,
636,Macropodinae Macropus,,
637,Macropodinae Macropus,,
638,Macropodinae Macropus,,
639,Macropodinae Macropus,Agile Wallaby,Australia
640,Macropodinae Macropus,,Australia
641,Macropodinae Macropus,,
642,Macropodinae Macropus,,
643,Macropodinae Macropus,,
644,Macropus Osphranter,Antilopine Kangaroo,Australia
645,Macropus Osphranter,Woodward’s Wallaroo,Australia
646,Macropus Notamacropus,Black-striped Wallaby,Australia
647,Macropus Notamacropus,Tammar Wallaby,Australia
648,Macropus Macropus,Western Grey Kangaroo,Australia
649,Macropus Macropus,,Australia
650,Macropus Macropus,,
651,Macropus Macropus,,
652,Macropus Macropus,Eastern Grey Kangaroo,Australia
653,Macropus Macropus,,Australia
654,Macropus Macropus,,
655,Macropus Notamacropus,Toolache Wallaby,Australia
656,Macropus Notamacropus,Western Brush Wallaby,Australia
657,Macropus Notamacropus,Parma Wallaby,Australia
658,Macropus Notamacropus,Pretty-faced Wallaby,Australia
659,Macropus Osphranter,Wallaroo,Australia
660,Macropus Osphranter,,Australia
661,Macropus Osphranter,,
662,Macropus Osphranter,,
663,Macropus Osphranter,,
664,Macropus Notamacropus,Red-necked Wallaby,Australia
665,Macropus Notamacropus,,Australia
666,Macropus Notamacropus,,
667,Macropus Notamacropus,,
668,Macropus Osphranter,Red Kangaroo,Australia
669,Onychogalea ,,
670,Onychogalea ,Bridled Nail-tail Wallaby,Australia
671,Onychogalea ,Crescent Nail-tail Wallaby,Australia
672,Onychogalea ,Northern Nail-tail Wallaby,Australia
673,Petrogale ,,
674,Petrogale ,Allied Rock-wallaby,Australia
675,Petrogale ,Short-eared Rock-wallaby,Australia
676,Petrogale ,Monjon,Australia
677,Petrogale ,Cape York Rock-wallaby,Australia
678,Petrogale ,Nabarlek,Australia
679,Petrogale ,Godman’s Rock-wallaby,Australia
680,Petrogale ,Herbert’s Rock-wallaby,Australia
681,Petrogale ,Unadorned Rock-wallaby,Australia
682,Petrogale ,Black-ﬂanked Rock-wallaby,Australia
683,Petrogale ,,Australia
684,Petrogale ,,
685,Petrogale ,,
686,Petrogale ,Mareeba Rock-wallaby,Australia
687,Petrogale ,Brush-tailed Rock-wallaby,Australia
688,Petrogale ,Proserpine Rock-wallaby,Australia
689,Petrogale ,Purple-necked Rock-wallaby,Australia
690,Petrogale ,Rothschild’s Rock-wallaby,Australia
691,Petrogale ,Mt. Claro Rock-wallaby,Australia
692,Petrogale ,Yellow-footed Rock-wallaby,Australia
693,Petrogale ,,Australia
694,Petrogale ,,
695,Setonix ,,
696,Setonix ,Quokka,Australia
697,Thylogale ,,
698,Thylogale ,Tasmanian Pademelon,Australia
699,Thylogale ,Brown’s Pademelon,Papua New Guinea
700,Thylogale ,Dusky Pademelon,Indonesia
701,Thylogale ,Calaby’s Pademelon,Papua New Guinea
702,Thylogale ,Mountain Pademelon,Papua New Guinea
703,Thylogale ,Red-legged Pademelon,Australia
704,Thylogale ,,Australia
705,Thylogale ,,
706,Thylogale ,,
707,Thylogale ,,
708,Thylogale ,Red-necked Pademelon,Australia
709,Wallabia ,,
710,Wallabia ,"Swamp Wallaby
Unknown.",
711, ,,
712, ,,
713, ,,
714, ,,
715,Geogale ,,
716,Geogale ,Large-eared Tenrec,Madagascar
717,Geogale ,,Madagascar
718,Geogale ,,
719, ,,
720,Limnogale ,,
721,Limnogale ,Web-footed Tenrec,Madagascar
722,Microgale ,,
723,Microgale ,Short-tailed Shrew Tenrec,
724,Microgale ,Cowan's Shrew Tenrec,
725,Microgale ,Dobson's Shrew Tenrec,
726,Microgale ,Drouhard’s Shrew Tenrec,Environs de Diego-Suarez
727,Microgale ,Dryad Shrew Tenrec,Site 1
728,Microgale ,Pale Shrew Tenrec,
729,Microgale ,Gracile Shrew Tenrec,
730,Microgale ,Naked-nosed Shrew Tenrec,
731,Microgale ,Lesser Long-tailed Shrew Tenrec,
732,Microgale ,Montane Shrew Tenrec,Madagascar
733,Microgale ,Nasolo’s Shrew Tenrec,
734,Microgale ,Pygmy Shrew Tenrec,Environs de Diego Suarez
735,Microgale ,Greater Long-tailed Shrew Tenrec,Midongy-du-Sud
736,Microgale ,Least Shrew Tenrec,
737,Microgale ,Shrew-toothed Shrew Tenrec,
738,Microgale ,Taiva Shrew Tenrec,
739,Microgale ,Talazac's Shrew Tenrec,
740,Microgale ,Thomas's Shrew Tenrec,
741,Oryzorictes ,,
742,Oryzorictes ,Mole-like Rice Tenrec,
743,Oryzorictes ,Four-toed Rice Tenrec,"Du plateau d’Emirne"" [Imerina"
744, ,,
745,Micropotamogale ,,
746,Micropotamogale ,Nimba Otter Shrew,Ziéla
747,Micropotamogale ,Ruwenzori Otter Shrew,
748,Potamogale ,,
749,Potamogale ,Giant Otter Shrew,Mountains of the interior
750, ,,
751,Echinops ,,
752,Echinops ,"Lesser Hedgehog Tenrec
Madagascar.",
753,Hemicentetes ,,
754,Hemicentetes ,Highland Streaked Tenrec,Fienerentova [? = Fianarantsoa
755,Hemicentetes ,"Lowland Streaked Tenrec
Madagascar.",
756,Setifer ,,
757,Setifer ,"Greater Hedgehog Tenrec
Madagascar.",
758,Tenrec ,,
759,Tenrec ,"Tail-less Tenrec
Madagascar.",
760, ,,
761, ,,
762, ,,
763,Carpitalpa ,,
764,Carpitalpa ,Arend’s Golden Mole,E escarpment of Zimbabwe
765,Chlorotalpa ,,
766,Chlorotalpa ,Duthie’s Golden Mole,South Africa
767,Chlorotalpa ,Sclater’s Golden Mole,South Africa
768,Chlorotalpa ,,South Africa
769,Chlorotalpa ,,
770,Chlorotalpa ,,
771,Chlorotalpa ,,
772,Chrysochloris ,,
773,Chrysochloris Chrysochloris,,
774,Chrysochloris Kilimatalpa,,
775,Chrysochloris Chrysochloris,Cape Golden Mole,"In Sibiria""; usually taken as Cape of Good Hope"
776,Chrysochloris Kilimatalpa,Stuhlmann’s Golden Mole,Uganda
777,Chrysochloris Kilimatalpa,,Uganda
778,Chrysochloris Kilimatalpa,,
779,Chrysochloris Kilimatalpa,,
780,Chrysochloris Chrysochloris,Visagie’s Golden Mole,South Africa
781,Chrysospalax ,,
782,Chrysospalax ,Giant Golden Mole,South Africa
783,Chrysospalax ,Rough-haired Golden Mole,Towards Natal
784,Chrysospalax ,,Towards Natal
785,Chrysospalax ,,
786,Chrysospalax ,,
787,Chrysospalax ,,
788,Chrysospalax ,,
789,Chrysospalax ,,
790,Cryptochloris ,,
791,Cryptochloris ,De Winton’s Golden Mole,South Africa
792,Cryptochloris ,Van Zyl’s Golden Mole,South Africa
793,Eremitalpa ,,
794,Eremitalpa ,Grant’s Golden Mole,South Africa: Garies
795,Eremitalpa ,,South Africa: Garies
796,Eremitalpa ,,
797, ,,
798,Amblysomus ,,
799,Amblysomus ,Fynbos Golden Mole,South Africa
800,Amblysomus ,,South Africa
801,Amblysomus ,,
802,Amblysomus ,Hottentot Golden Mole,Interior parts of South Africa
803,Amblysomus ,,Interior parts of South Africa
804,Amblysomus ,,
805,Amblysomus ,,
806,Amblysomus ,,
807,Amblysomus ,,
808,Amblysomus ,Marley’s Golden Mole,South Africa
809,Amblysomus ,Robust Golden Mole,South Africa
810,Amblysomus ,Highveld Golden Mole,South Africa
811,Calcochloris ,,
812,Calcochloris Calcochloris,,
813,Calcochloris Huetia,,
814,Calcochloris Huetia,Congo Golden Mole,Gulf of Guinea Coast
815,Calcochloris Huetia,,Gulf of Guinea Coast
816,Calcochloris Huetia,,
817,Calcochloris Calcochloris,Yellow Golden Mole,Coastal Mozambique
818,Calcochloris Calcochloris,,Coastal Mozambique
819,Calcochloris Calcochloris,,
820,Calcochloris Calcochloris,,
821,Calcochloris [incertae sedis],Somali Golden Mole,Somalia
822,Neamblysomus ,,
823,Neamblysomus ,Gunning’s Golden Mole,South Africa
824,Neamblysomus ,Juliana’s Golden Mole,South Africa
825, ,,
826, ,,
827,Elephantulus ,,
828,Elephantulus ,Short-snouted Elephant Shrew,"The country between Lake Latakoo and the Tropic"" (= South Africa"
829,Elephantulus ,Cape Elephant Shrew,South Africa
830,Elephantulus ,Dusky-footed Elephant Shrew,Dem. Rep. Congo
831,Elephantulus ,Dusky Elephant Shrew,Mozambique
832,Elephantulus ,Bushveld Elephant Shrew,South Africa
833,Elephantulus ,Eastern Rock Elephant Shrew,South Africa
834,Elephantulus ,Somali Elephant Shrew,Somalia
835,Elephantulus ,North African Elephant Shrew,Algeria
836,Elephantulus ,,Algeria
837,Elephantulus ,,
838,Elephantulus ,Rufous Elephant Shrew,Kenya
839,Elephantulus ,,Kenya
840,Elephantulus ,,
841,Elephantulus ,,
842,Elephantulus ,,
843,Elephantulus ,,
844,Elephantulus ,,
845,Elephantulus ,Western Rock Elephant Shrew,South Africa or Namibia
846,Macroscelides ,,
847,Macroscelides ,Short-eared Elephant Shrew,South Africa
848,Macroscelides ,,South Africa
849,Macroscelides ,,
850,Petrodromus ,,
851,Petrodromus ,Four-toed Elephant Shrew,Mozambique
852,Petrodromus ,,Mozambique
853,Petrodromus ,,
854,Petrodromus ,,
855,Petrodromus ,,
856,Petrodromus ,,
857,Petrodromus ,,
858,Petrodromus ,,
859,Petrodromus ,,
860,Petrodromus ,,
861,Rhynchocyon ,,
862,Rhynchocyon ,Golden-rumped Elephant Shrew,Kenya
863,Rhynchocyon ,Checkered Elephant Shrew,Mozambique
864,Rhynchocyon ,,Mozambique
865,Rhynchocyon ,,
866,Rhynchocyon ,,
867,Rhynchocyon ,,
868,Rhynchocyon ,,
869,Rhynchocyon ,,
870,Rhynchocyon ,Black and Rufous Elephant Shrew,Tanzania
871,Rhynchocyon ,,Tanzania
872,Rhynchocyon ,,
873, ,,
874, ,,
875,Orycteropus ,,
876,Orycteropus ,Aardvark,South Africa
877,Orycteropus ,,South Africa
878,Orycteropus ,,
879,Orycteropus ,,
880,Orycteropus ,,
881,Orycteropus ,,
882,Orycteropus ,,
883,Orycteropus ,,
884,Orycteropus ,,
885,Orycteropus ,,
886,Orycteropus ,,
887,Orycteropus ,,
888,Orycteropus ,,
889,Orycteropus ,,
890,Orycteropus ,,
891,Orycteropus ,,
892,Orycteropus ,,
893,Orycteropus ,,
894, ,,
895, ,,
896,Dendrohyrax ,,
897,Dendrohyrax ,Southern Tree Hyrax.,South Africa
898,Dendrohyrax ,Western Tree Hyrax.,Equatorial Guinea
899,Dendrohyrax ,,Equatorial Guinea
900,Dendrohyrax ,,
901,Dendrohyrax ,,
902,Dendrohyrax dorsalis,,
903,Dendrohyrax dorsalis,,
904,Dendrohyrax dorsalis,,
905,Heterohyrax ,,
906,Heterohyrax brucei,Yellow-spotted Rock Hyrax.,Ethiopia (= Abyssinia).
907,Heterohyrax brucei,,Ethiopia (= Abyssinia).
908,Heterohyrax brucei,,
909,Heterohyrax brucei,,
910,Heterohyrax brucei,,
911,Heterohyrax brucei,,
912,Heterohyrax brucei,,
913,Heterohyrax brucei,,
914,Heterohyrax brucei,,
915,Heterohyrax brucei,,
916,Heterohyrax brucei,,
917,Heterohyrax brucei,,
918,Heterohyrax brucei,,
919,Heterohyrax brucei,,
920,Heterohyrax brucei,,
921,Heterohyrax brucei,,
922,Heterohyrax brucei,,
923,Heterohyrax brucei,,
924,Heterohyrax brucei,,
925,Heterohyrax brucei,,
926,Heterohyrax brucei,,
927,Heterohyrax brucei,,
928,Heterohyrax brucei,,
929,Heterohyrax brucei,,
930,Heterohyrax brucei,,
931,Heterohyrax brucei,,
932,Procavia ,,
933,Procavia capensis,Rock Hyrax.,South Africa
934,Procavia capensis,,South Africa
935,Procavia capensis,,
936,Procavia capensis,,
937,Procavia capensis,,
938,Procavia capensis,,
939,Procavia capensis,,
940,Procavia capensis,,
941,Procavia capensis,,
942,Procavia capensis,,
943,Procavia capensis,,
944,Procavia capensis,,
945,Procavia capensis,,
946,Procavia capensis,,
947,Procavia capensis,,
948,Procavia capensis,,
949,Procavia capensis,,
950,Procavia capensis,,
951, ,,
952, ,,
953,Elephas ,,
954,Elephas maximus,Asian Elephant,"Zeylonae"" [Sri Lanka]."
955,Elephas maximus,,"Zeylonae"" [Sri Lanka]."
956,Elephas maximus,,
957,Elephas maximus,,
958,Loxodonta ,,
959,Loxodonta africana,African Bush Elephant,Restricted to the Orange River
960,Loxodonta cyclotis,African Forest Elephant,Yaunde
961, ,,
962, ,,
963, ,,
964,Dugong ,,
965,Dugong dugon,Dugong,Cape of Good Hope to the Philippines.
966, ,,
967,Hydrodamalis ,,
968,Hydrodamalis gigas,Steller's Sea Cow,Bering Sea
969, ,,
970,Trichechus ,,
971,Trichechus inunguis,Amazonian Manatee,Brazil
972,Trichechus manatus,West Indian Manatee,"Mari Americano""; restricted by Thomas (1911<i>a</i>) to ""West Indies."
973,Trichechus senegalensis,"African Manatee
Senegal",
974, ,,
975, ,,
976, ,,
977,Dasypus ,,
978,Dasypus hybridus,Southern Long-nosed Armadillo,Paraguay
979,Dasypus kappleri,Greater Long-nosed Armadillo,
980,Dasypus kappleri,,
981,Dasypus kappleri,,
982,Dasypus novemcinctus,Nine-banded Armadillo,"America Meridionali;"" restricted to Pernambuco"
983,Dasypus novemcinctus,,"America Meridionali;"" restricted to Pernambuco"
984,Dasypus novemcinctus,,
985,Dasypus novemcinctus,,
986,Dasypus novemcinctus,,
987,Dasypus novemcinctus,,
988,Dasypus novemcinctus,,
989,Dasypus pilosus,Hairy Long-nosed Armadillo,"Peru;"" restricted to montane Perú by Wetzel and Mondolﬁ (1979)."
990,Dasypus sabanicola,Llanos Long-nosed Armadillo,Venezuela
991,Dasypus septemcinctus,Seven-banded Armadillo,"Indiis;"" restricted to Pernambuco"
992,Dasypus yepesi,Yepes’s Mulita,Argentina
993, ,,
994,Calyptophractus ,,
995,Calyptophractus retusus,Greater Fairy Armadillo,Bolivia
996,Chaetophractus ,,
997,Chaetophractus nationi,Andean Hairy Armadillo,Bolivia
998,Chaetophractus vellerosus,Screaming Hairy Armadillo,Bolivia
999,Chaetophractus vellerosus,,Bolivia
1000,Chaetophractus vellerosus,,
1001,Chaetophractus villosus,Big Hairy Armadillo,Argentina
1002,Chlamyphorus ,,
1003,Chlamyphorus truncatus,Pink Fairy Armadillo,
1004,Euphractus ,,
1005,Euphractus sexcinctus,Six-banded Armadillo,"America meridionale;"" restricted to Pará"
1006,Euphractus sexcinctus,,"America meridionale;"" restricted to Pará"
1007,Euphractus sexcinctus,,
1008,Euphractus sexcinctus,,
1009,Euphractus sexcinctus,,
1010,Euphractus sexcinctus,,
1011,Zaedyus ,,
1012,Zaedyus pichiy,Pichi,Argentina
1013,Zaedyus pichiy,,Argentina
1014,Zaedyus pichiy,,
1015, ,,
1016,Cabassous ,,
1017,Cabassous centralis,Northern Naked-tailed Armadillo,Honduras
1018,Cabassous chacoensis,Chacoan Naked-tailed Armadillo,Paraguay
1019,Cabassous tatouay,Greater Naked-tailed Armadillo,Paraguay
1020,Cabassous unicinctus,Southern Naked-tailed Armadillo,"Africa;"" restricted to ""l'Amérique"" by Buﬀon (1763)"
1021,Cabassous unicinctus,,"Africa;"" restricted to ""l'Amérique"" by Buﬀon (1763)"
1022,Cabassous unicinctus,,
1023,Priodontes ,,
1024,Priodontes maximus,Giant Armadillo,French Guiana
1025,Tolypeutes ,,
1026,Tolypeutes matacus,Southern Three-banded Armadillo,No locality mentioned; restricted to Argentina
1027,Tolypeutes tricinctus,Brazilian Three-banded Armadillo,"In India orientali;"" redeﬁned as Pernambuco"
1028, ,,
1029, ,,
1030, ,,
1031, ,,
1032,pygmaeus ,Pygmy Three-toed Sloth,Panamá
1033,torquatus ,Maned Sloth,
1034,tridactylus ,Pale-throated Sloth,"Americć meridionalis arboribus;"" restricted to Surinam by Thomas (1911<i>a</i>)."
1035,variegatus ,Brown-throated Sloth,"Sudamerika;"" restricted to Brazil by Mertens (1925) who suggested that the type may have come from Bahia."
1036,variegatus ,,"Sudamerika;"" restricted to Brazil by Mertens (1925) who suggested that the type may have come from Bahia."
1037,variegatus ,,
1038,variegatus ,,
1039,variegatus ,,
1040,variegatus ,,
1041,variegatus ,,
1042,variegatus ,,
1043, ,,
1044, ,,
1045,didactylus ,Linnaeus’s Two-toed Sloth,"Zeylona;"" corrected to Surinam by Thomas (1911<i>a</i>). Not British Guiana as stated by Tate (1939)."
1046,hoﬀmanni ,Hoﬀmann’s Two-toed Sloth,
1047,hoﬀmanni ,,
1048,hoﬀmanni ,,
1049,hoﬀmanni ,,
1050,hoﬀmanni ,,
1051,hoﬀmanni ,,
1052, ,,
1053, ,,
1054, ,,
1055,didactylus ,Silky Anteater,"America australi;"" restricted to Surinam by Thomas (1911<i>a</i>)."
1056,didactylus ,,"America australi;"" restricted to Surinam by Thomas (1911<i>a</i>)."
1057,didactylus ,,
1058,didactylus ,,
1059,didactylus eva,,
1060,didactylus ida,,
1061,didactylus ,,
1062,didactylus ,,
1063, ,,
1064, ,,
1065,tridactyla ,Giant Anteater,"America <i>meridionali</i>;"" restricted to Brazil"
1066,tridactyla ,,"America <i>meridionali</i>;"" restricted to Brazil"
1067,tridactyla ,,
1068,tridactyla ,,
1069, ,,
1070,mexicana ,Northern Tamandua,México
1071,mexicana ,,México
1072,mexicana ,,
1073,mexicana ,,
1074,mexicana ,,
1075,tetradactyla ,Southern Tamandua,"America meridionali;"" restricted to Brazil"
1076,tetradactyla ,,"America meridionali;"" restricted to Brazil"
1077,tetradactyla ,,
1078,tetradactyla ,,
1079,tetradactyla ,,
1080, ,,
1081, ,,
1082, ,,
1083,ellioti ,Madras Treeshrew,India
1084, ,,
1085,melanura ,Bornean Smooth-Tailed Treeshrew,Borneo
1086,melanura ,,Borneo
1087,melanura ,,
1088,murina ,Northern Smooth-Tailed Treeshrew,
1089, ,,
1090,belangeri ,Northern Treeshrew,Burma
1091,belangeri ,,Burma
1092,belangeri ,,
1093,chrysogaster ,Golden-bellied Treeshrew,N Pagai Isl
1094,dorsalis ,Striped Treeshrew,W Borneo
1095,glis ,Common Treeshrew,Malaysia
1096,gracilis ,Slender Treeshrew,Borneo
1097,gracilis ,,Borneo
1098,gracilis ,,
1099,gracilis ,,
1100,javanica ,Horsﬁeld’s Treeshrew,Java
1101,longipes ,Long-footed Treeshrew,Borneo
1102,longipes ,,Borneo
1103,longipes ,,
1104,minor ,Pygmy Treeshrew,Borneo
1105,minor ,,Borneo
1106,minor ,,
1107,minor ,,
1108,minor ,,
1109,moellendorﬃ ,Calamian Treeshrew,Philippines
1110,moellendorﬃ ,,Philippines
1111,moellendorﬃ ,,
1112,moellendorﬃ ,,
1113,montana ,Mountain Treeshrew,Borneo
1114,montana ,,Borneo
1115,montana ,,
1116,nicobarica ,Nicobar Treeshrew,Nicobar Isls
1117,nicobarica ,,Nicobar Isls
1118,nicobarica ,,
1119,palawanensis ,Palawan Treeshrew,Philippines
1120,picta ,Painted Treeshrew,Borneo
1121,picta ,,Borneo
1122,picta ,,
1123,splendidula ,Ruddy Treeshrew,Borneo (no speciﬁc locality).
1124,splendidula ,,Borneo (no speciﬁc locality).
1125,splendidula ,,
1126,splendidula ,,
1127,splendidula ,,
1128,splendidula ,,
1129,tana ,Large Treeshrew,Indonesia
1130,tana ,,Indonesia
1131,tana ,,
1132,tana ,,
1133,tana ,,
1134,tana ,,
1135,tana ,,
1136,tana ,,
1137,tana ,,
1138,tana ,,
1139,tana ,,
1140,tana ,,
1141,tana ,,
1142,tana ,,
1143,tana ,,
1144,tana ,,
1145, ,,
1146,everetti ,Mindanao Treeshrew,Philippines
1147, ,,
1148, ,,
1149,lowii ,Pen-tailed Treeshrew,Borneo
1150,lowii ,,Borneo
1151,lowii ,,
1152, ,,
1153, ,,
1154, ,,
1155,volans ,Philippine Flying Lemur,Philippine Isls
1156, ,,
1157,variegates ,Sunda Flying Lemur,Indonesia
1158, ,,
1159, ,,
1160,,Gilbert’s Potoroo,Australia
1161,,Grizzled Tree-kangaroo,Indonesia
1162,,,Indonesia
